name,main_color,sub_color
スペシャルウィーク,#EE6DCB,#FFDEF9
サイレンススズカ,#29BD70,#FFCE48
トウカイテイオー,#3376D2,#FF99D0
マルゼンスキー,#EA504A,#FFCD00
フジキセキ,#444745,#33B839
オグリキャップ,#3A7AD2,#ECE7E7
ゴールドシップ,#DA3C57,#E9DA36
ウオッカ,#D4C200,#3DD1D7
ダイワスカーレット,#4F64D8,#E73472
タイキシャトル,#73C032,#FFAC42
グラスワンダー,#3A34AC,#E3493F
ヒシアマゾン,#2185D0,#E6453A
メジロマックイーン,#00B5BE,#DFC8E7
エルコンドルパサー,#DD4E31,#EFDB28
テイエムオペラオー,#F271C4,#FBE415
ナリタブライアン,#75358C,#D638A3
シンボリルドルフ,#1C7763,#C6314B
エアグルーヴ,#0092CB,#FAE053
アグネスデジタル,#F37F96,#F9F189
セイウンスカイ,#65D283,#F4DA40
タマモクロス,#3290D6,#C6DAE7
ファインモーション,#20A95C,#EE5340
ビワハヤヒデ,#B03D81,#E776B6
マヤノトップガン,#F57D38,#FFC845
マンハッタンカフェ,#494541,#E8DD4C
ミホノブルボン,#EE60A1,#F0ED41
メジロライアン,#14BAAE,#7C4D3A
ヒシアケボノ,#208BCD,#FA6F8B
ユキノビジン,#AF7E51,#C8D8EB
ライスシャワー,#384A86,#CA3E6D
アイネスフウジン,#F078C5,#54AE1B
アグネスタキオン,#35B2B6,#E2E868
アドマイヤベガ,#3865A1,#78D5E1
イナリワン,#AE419E,#EC86D0
ウイニングチケット,#DD3D5B,#EDE233
エアシャカール,#2459B4,#E1E000
エイシンフラッシュ,#3D3B3A,#E33067
カレンチャン,#F86669,#47423E
カワカミプリンセス,#E146A7,#00C7B1
ゴールドシチー,#245099,#E63C5C
サクラバクシンオー,#EE6FAB,#F2D4D7
シーキングザパール,#B02D40,#1690D4
シンコウウインディ,#63666A,#6F2678
スイープトウショウ,#926DDA,#BC204B
スーパークリーク,#5693DA,#C8C9C7
スマートファルコン,#F8587B,#403A35
ゼンノロブロイ,#5F9B26,#F3EA5D
トーセンジョーダン,#25B8AE,#1C57B9
ナカヤマフェスタ,#C0453F,#236192
ナリタタイシン,#E575CE,#F3DD6D
ニシノフラワー,#E26ECB,#F6EB61
ハルウララ,#FA7395,#EDE04B
バンブーメモリー,#366965,#2D2926
ビコーペガサス,#E7396F,#D162B8
マーベラスサンデー,#CA46B0,#B52542
マチカネフクキタル,#3D89E9,#F8A717
ミスターシービー,#6FC346,#FBE122
メイショウドトウ,#46449B,#D64388
メジロドーベル,#19B49E,#6F3B42
ナイスネイチャ,#28A959,#B82720
キングヘイロー,#0E9451,#1C57A5
マチカネタンホイザ,#0f8dce,#ee5b56
イクノディクタス,#49b73f,#c6d1d5
メジロパーマー,#27c79c,#865432
ダイタクヘリオス,#5b64d5,#fbe247
ツインターボ,#1985d2,#27b784
サトノダイヤモンド,#94bf01,#f9eb39
キタサンブラック,#5a6065,#fc6d31
サクラチヨノオー,#f9879d,#f7dde2
シリウスシンボリ,#248379,#e3628c
メジロアルダン,#28baa5,#bfe4eb
ヤエノムテキ,#da483a,#ffda93
ツルマルツヨシ,#8F4DAC,#F5CD47
メジロブライト,#45C5C1,#9F5F54
デアリングタクト,#79c6db,#6c5953
サクラローレル,#f0638a,#fecdc9
ナリタトップロード,#ea5bc0,#8f3d7d
ヤマニンゼファー,#5192C1,#AE4544
フリオーソ,#3f54bf,#dd3543
トランセンド,#13a9b0,#f8475f
エスポワールシチー,#d93842,#293aab
ノースフライト,#ca3b61,#32b5d6
シンボリクリスエス,#12762f,#292d45
タニノギムレット,#dab610,#173061
ダイイチルビー,#d2445d,#6946a9
メジロラモーヌ,#4bb6af,#3c5161
アストンマーチャン,#CF4436,#E1DCCB
サトノクラウン,#21713A,#F3F19D
シュヴァルグラン,#64C3C1,#1E3872
ヴィルシーナ,#4747cc,#84c6e7
ヴィブロス,#404fb1,#84d4e3
ダンツフレーム,#e97d97,#119d76
ケイエスミラクル,#85aae1,#ebd64a
ジャングルポケット,#6ac43c,#e6d734
ビリーヴ,#4baece,#c63663
ノーリーズン,#cb243e,#9ad2f5
スティルインラブ,#d83a43,#6fbbf1
コパノリッキー,#eeb42a,#d93c49
ホッコータルマエ,#d94149,#cddee0
ワンダーアキュート,#d85081,#d8d2d9
サムソンビッグ,#3dc3c2,#f0688e
サウンズオブアース,#ca4640,#305991
ロイスアンドロイス,#e69a22,#cc382e
カツラギエース,#7db0e0,#f77696
ネオユニヴァース,#5abae6,#f8db55
ヒシミラクル,#4a71b2,#bdd1e9
タップダンスシチー,#d44853,#4840ad
ドゥラメンテ,#bf3344,#4e4e4e
ラインクラフト,#f15b75,#2c9679
シーザリオ,#948eab,#0a3874
エアメサイア,#2c2f9d,#fffd8c
デアリングハート,#d0ba00,#38312b
フサイチパンドラ,#fd637f,#fbd872
ブエナビスタ,#c0af3b,#583d3e
オルフェーヴル,#be4134,#ecd898
ジェンティルドンナ,#cf2f2b,#533c3d
ウインバリアシオン,#c1213c,#bad7f4
アドマイヤグルーヴ,#344d99,#5cbac8
ドリームジャーニー,#332d1f,#e6e08a
カルストンライトオ,#131b4c,#f7eb49
デュランダル,#efa605,#d22630
バブルガムフェロー,#e5bd00,#0047bb
サクラチトセオー,#FA83CB,#D8C8D1
フェノーメノ,#574a74,#f4db4e
ブラストワンピース,#009CBD,#0CB85F
アーモンドアイ,#69a9e9,#cc3300
ラッキーライラック,#454152,#907594
グランアレグリア,#53565a,#ef4d60
ラヴズオンリーユー,#424840,#268745
クロノジェネシス,#464647,#50a19f
カレンブーケドール,#8e8180,#473d3c
ステイゴールド,#bfb33e,#49699c
レッドディザイア,#cb3a43,#802f2d
キセキ,#2c9c46,#c8dbe9
フォーエバーヤング,#822b4a,#d8ced2
マルシュロレーヌ,#8b1538,#e9a2b2
エピファネイア,#17af87,#d0dee8
ロゴタイプ,#7e2d40,#bd9b60
ヴィクトワールピサ,#4146b8,#f1eb9d
ローズキングダム,#cb363d,#52606b
ルーラーシップ,#beab08,#3a4c5c