ID,ウマ娘,グッズ名,入手タイプ,トレーディング,金額,最大数量,備考
1,"アーモンドアイ,フォーエバーヤング",アリーナVIP席特典,特典,FALSE,60000,2,購入上限: 2
2,"アーモンドアイ,フォーエバーヤング",特典グッズセット(SS席),特典,FALSE,40000,2,購入上限: 2
3,"アーモンドアイ,フォーエバーヤング",特典グッズセット(S席),特典,FALSE,27000,2,購入上限: 2
4,"アーモンドアイ,フォーエバーヤング",配信グッズ付きチケット(各1公演グッズ付きチケット・Stagecrowd),販売,FALSE,6800,2,購入上限: 2
5,"アーモンドアイ,フォーエバーヤング",配信グッズ付きチケット(DAY1＋2グッズ付きチケット・Stagecrowd),販売,FALSE,13100,1,購入上限: 1
6,"アーモンドアイ,フォーエバーヤング",配信グッズ付きチケット(各1公演グッズ付きチケット・ZAIKO),販売,FALSE,13000,2,購入上限: 2
7,"アーモンドアイ,フォーエバーヤング",配信グッズ付きチケット(DAY1＋2グッズ付きチケット・ZAIKO),販売,FALSE,18500,1,購入上限: 1
8,トウカイテイオー,公式ウマブレードストラップ,販売,FALSE,1500,2,購入上限: 2
9,オグリキャップ,公式ウマブレードストラップ,販売,FALSE,1500,2,購入上限: 2
10,ゴールドシップ,公式ウマブレードストラップ,販売,FALSE,1500,2,購入上限: 2
11,アグネスデジタル,公式ウマブレードストラップ,販売,FALSE,1500,2,購入上限: 2
12,タマモクロス,公式ウマブレードストラップ,販売,FALSE,1500,2,購入上限: 2
13,ファインモーション,公式ウマブレードストラップ,販売,FALSE,1500,2,購入上限: 2
14,エアシャカール,公式ウマブレードストラップ,販売,FALSE,1500,2,購入上限: 2
15,エイシンフラッシュ,公式ウマブレードストラップ,販売,FALSE,1500,2,購入上限: 2
16,トーセンジョーダン,公式ウマブレードストラップ,販売,FALSE,1500,2,購入上限: 2
17,ナカヤマフェスタ,公式ウマブレードストラップ,販売,FALSE,1500,2,購入上限: 2
18,メイショウドトウ,公式ウマブレードストラップ,販売,FALSE,1500,2,購入上限: 2
19,キタサンブラック,公式ウマブレードストラップ,販売,FALSE,1500,2,購入上限: 2
20,サクラチヨノオー,公式ウマブレードストラップ,販売,FALSE,1500,2,購入上限: 2
21,デアリングタクト,公式ウマブレードストラップ,販売,FALSE,1500,2,購入上限: 2
22,ナリタトップロード,公式ウマブレードストラップ,販売,FALSE,1500,2,購入上限: 2
23,エスポワールシチー,公式ウマブレードストラップ,販売,FALSE,1500,2,購入上限: 2
24,シンボリクリスエス,公式ウマブレードストラップ,販売,FALSE,1500,2,購入上限: 2
25,ジャングルポケット,公式ウマブレードストラップ,販売,FALSE,1500,2,購入上限: 2
26,ドゥラメンテ,公式ウマブレードストラップ,販売,FALSE,1500,2,購入上限: 2
27,ブエナビスタ,公式ウマブレードストラップ,販売,FALSE,1500,2,購入上限: 2
28,アドマイヤグルーヴ,公式ウマブレードストラップ,販売,FALSE,1500,2,購入上限: 2
29,ドリームジャーニー,公式ウマブレードストラップ,販売,FALSE,1500,2,購入上限: 2
30,カルストンライトオ,公式ウマブレードストラップ,販売,FALSE,1500,2,購入上限: 2
31,フェノーメノ,公式ウマブレードストラップ,販売,FALSE,1500,2,購入上限: 2
32,アーモンドアイ,公式ウマブレードストラップ,販売,FALSE,1500,2,購入上限: 2
33,ラッキーライラック,公式ウマブレードストラップ,販売,FALSE,1500,2,購入上限: 2
34,グランアレグリア,公式ウマブレードストラップ,販売,FALSE,1500,2,購入上限: 2
35,ラヴズオンリーユー,公式ウマブレードストラップ,販売,FALSE,1500,2,購入上限: 2
36,カレンブーケドール,公式ウマブレードストラップ,販売,FALSE,1500,2,購入上限: 2
37,レッドディザイア,公式ウマブレードストラップ,販売,FALSE,1500,2,購入上限: 2
38,キセキ,公式ウマブレードストラップ,販売,FALSE,1500,2,購入上限: 2
39,フォーエバーヤング,公式ウマブレードストラップ,販売,FALSE,1500,2,購入上限: 2
40,マルシュロレーヌ,公式ウマブレードストラップ,販売,FALSE,1500,2,購入上限: 2
41,エピファネイア,公式ウマブレードストラップ,販売,FALSE,1500,2,購入上限: 2
42,ロゴタイプ,公式ウマブレードストラップ,販売,FALSE,1500,2,購入上限: 2
43,ヴィクトワールピサ,公式ウマブレードストラップ,販売,FALSE,1500,2,購入上限: 2
44,ローズキングダム,公式ウマブレードストラップ,販売,FALSE,1500,2,購入上限: 2
45,ルーラーシップ,公式ウマブレードストラップ,販売,FALSE,1500,2,購入上限: 2
46,テイエムオペラオー,公式ウマブレードストラップ,販売,FALSE,1500,2,購入上限: 2
47,ジェンティルドンナ,公式ウマブレードストラップ,販売,FALSE,1500,2,購入上限: 2
48,サクラチトセオー,公式ウマブレードストラップ,販売,FALSE,1500,2,購入上限: 2
49,ステイゴールド,公式ウマブレードストラップ,販売,FALSE,1500,2,購入上限: 2
50,トウカイテイオー,公式応援タオル,販売,FALSE,2700,2,購入上限: 2
51,オグリキャップ,公式応援タオル,販売,FALSE,2700,2,購入上限: 2
52,ゴールドシップ,公式応援タオル,販売,FALSE,2700,2,購入上限: 2
53,アグネスデジタル,公式応援タオル,販売,FALSE,2700,2,購入上限: 2
54,タマモクロス,公式応援タオル,販売,FALSE,2700,2,購入上限: 2
55,ファインモーション,公式応援タオル,販売,FALSE,2700,2,購入上限: 2
56,エアシャカール,公式応援タオル,販売,FALSE,2700,2,購入上限: 2
57,エイシンフラッシュ,公式応援タオル,販売,FALSE,2700,2,購入上限: 2
58,トーセンジョーダン,公式応援タオル,販売,FALSE,2700,2,購入上限: 2
59,ナカヤマフェスタ,公式応援タオル,販売,FALSE,2700,2,購入上限: 2
60,メイショウドトウ,公式応援タオル,販売,FALSE,2700,2,購入上限: 2
61,キタサンブラック,公式応援タオル,販売,FALSE,2700,2,購入上限: 2
62,サクラチヨノオー,公式応援タオル,販売,FALSE,2700,2,購入上限: 2
63,デアリングタクト,公式応援タオル,販売,FALSE,2700,2,購入上限: 2
64,ナリタトップロード,公式応援タオル,販売,FALSE,2700,2,購入上限: 2
65,エスポワールシチー,公式応援タオル,販売,FALSE,2700,2,購入上限: 2
66,シンボリクリスエス,公式応援タオル,販売,FALSE,2700,2,購入上限: 2
67,ジャングルポケット,公式応援タオル,販売,FALSE,2700,2,購入上限: 2
68,ドゥラメンテ,公式応援タオル,販売,FALSE,2700,2,購入上限: 2
69,ブエナビスタ,公式応援タオル,販売,FALSE,2700,2,購入上限: 2
70,アドマイヤグルーヴ,公式応援タオル,販売,FALSE,2700,2,購入上限: 2
71,ドリームジャーニー,公式応援タオル,販売,FALSE,2700,2,購入上限: 2
72,カルストンライトオ,公式応援タオル,販売,FALSE,2700,2,購入上限: 2
73,フェノーメノ,公式応援タオル,販売,FALSE,2700,2,購入上限: 2
74,アーモンドアイ,公式応援タオル,販売,FALSE,2700,2,購入上限: 2
75,ラッキーライラック,公式応援タオル,販売,FALSE,2700,2,購入上限: 2
76,グランアレグリア,公式応援タオル,販売,FALSE,2700,2,購入上限: 2
77,ラヴズオンリーユー,公式応援タオル,販売,FALSE,2700,2,購入上限: 2
78,カレンブーケドール,公式応援タオル,販売,FALSE,2700,2,購入上限: 2
79,レッドディザイア,公式応援タオル,販売,FALSE,2700,2,購入上限: 2
80,キセキ,公式応援タオル,販売,FALSE,2700,2,購入上限: 2
81,フォーエバーヤング,公式応援タオル,販売,FALSE,2700,2,購入上限: 2
82,マルシュロレーヌ,公式応援タオル,販売,FALSE,2700,2,購入上限: 2
83,エピファネイア,公式応援タオル,販売,FALSE,2700,2,購入上限: 2
84,ロゴタイプ,公式応援タオル,販売,FALSE,2700,2,購入上限: 2
85,ヴィクトワールピサ,公式応援タオル,販売,FALSE,2700,2,購入上限: 2
86,ローズキングダム,公式応援タオル,販売,FALSE,2700,2,購入上限: 2
87,ルーラーシップ,公式応援タオル,販売,FALSE,2700,2,購入上限: 2
88,テイエムオペラオー,公式応援タオル,販売,FALSE,2700,2,購入上限: 2
89,ジェンティルドンナ,公式応援タオル,販売,FALSE,2700,2,購入上限: 2
90,サクラチトセオー,公式応援タオル,販売,FALSE,2700,2,購入上限: 2
91,ステイゴールド,公式応援タオル,販売,FALSE,2700,2,購入上限: 2
92,トウカイテイオー,公式アクリルスタンド(制服Ver.),販売,FALSE,1650,2,購入上限: 2
93,オグリキャップ,公式アクリルスタンド(制服Ver.),販売,FALSE,1650,2,購入上限: 2
94,ゴールドシップ,公式アクリルスタンド(制服Ver.),販売,FALSE,1650,2,購入上限: 2
95,アグネスデジタル,公式アクリルスタンド(制服Ver.),販売,FALSE,1650,2,購入上限: 2
96,タマモクロス,公式アクリルスタンド(制服Ver.),販売,FALSE,1650,2,購入上限: 2
97,ファインモーション,公式アクリルスタンド(制服Ver.),販売,FALSE,1650,2,購入上限: 2
98,エアシャカール,公式アクリルスタンド(制服Ver.),販売,FALSE,1650,2,購入上限: 2
99,エイシンフラッシュ,公式アクリルスタンド(制服Ver.),販売,FALSE,1650,2,購入上限: 2
100,トーセンジョーダン,公式アクリルスタンド(制服Ver.),販売,FALSE,1650,2,購入上限: 2
101,ナカヤマフェスタ,公式アクリルスタンド(制服Ver.),販売,FALSE,1650,2,購入上限: 2
102,メイショウドトウ,公式アクリルスタンド(制服Ver.),販売,FALSE,1650,2,購入上限: 2
103,キタサンブラック,公式アクリルスタンド(制服Ver.),販売,FALSE,1650,2,購入上限: 2
104,サクラチヨノオー,公式アクリルスタンド(制服Ver.),販売,FALSE,1650,2,購入上限: 2
105,デアリングタクト,公式アクリルスタンド(制服Ver.),販売,FALSE,1650,2,購入上限: 2
106,ナリタトップロード,公式アクリルスタンド(制服Ver.),販売,FALSE,1650,2,購入上限: 2
107,エスポワールシチー,公式アクリルスタンド(制服Ver.),販売,FALSE,1650,2,購入上限: 2
108,シンボリクリスエス,公式アクリルスタンド(制服Ver.),販売,FALSE,1650,2,購入上限: 2
109,ジャングルポケット,公式アクリルスタンド(制服Ver.),販売,FALSE,1650,2,購入上限: 2
110,ドゥラメンテ,公式アクリルスタンド(制服Ver.),販売,FALSE,1650,2,購入上限: 2
111,ブエナビスタ,公式アクリルスタンド(制服Ver.),販売,FALSE,1650,2,購入上限: 2
112,アドマイヤグルーヴ,公式アクリルスタンド(制服Ver.),販売,FALSE,1650,2,購入上限: 2
113,ドリームジャーニー,公式アクリルスタンド(制服Ver.),販売,FALSE,1650,2,購入上限: 2
114,カルストンライトオ,公式アクリルスタンド(制服Ver.),販売,FALSE,1650,2,購入上限: 2
115,フェノーメノ,公式アクリルスタンド(制服Ver.),販売,FALSE,1650,2,購入上限: 2
116,アーモンドアイ,公式アクリルスタンド(制服Ver.),販売,FALSE,1650,2,購入上限: 2
117,ラッキーライラック,公式アクリルスタンド(制服Ver.),販売,FALSE,1650,2,購入上限: 2
118,グランアレグリア,公式アクリルスタンド(制服Ver.),販売,FALSE,1650,2,購入上限: 2
119,ラヴズオンリーユー,公式アクリルスタンド(制服Ver.),販売,FALSE,1650,2,購入上限: 2
120,カレンブーケドール,公式アクリルスタンド(制服Ver.),販売,FALSE,1650,2,購入上限: 2
121,レッドディザイア,公式アクリルスタンド(制服Ver.),販売,FALSE,1650,2,購入上限: 2
122,キセキ,公式アクリルスタンド(制服Ver.),販売,FALSE,1650,2,購入上限: 2
123,フォーエバーヤング,公式アクリルスタンド(制服Ver.),販売,FALSE,1650,2,購入上限: 2
124,マルシュロレーヌ,公式アクリルスタンド(制服Ver.),販売,FALSE,1650,2,購入上限: 2
125,エピファネイア,公式アクリルスタンド(制服Ver.),販売,FALSE,1650,2,購入上限: 2
126,ロゴタイプ,公式アクリルスタンド(制服Ver.),販売,FALSE,1650,2,購入上限: 2
127,ヴィクトワールピサ,公式アクリルスタンド(制服Ver.),販売,FALSE,1650,2,購入上限: 2
128,ローズキングダム,公式アクリルスタンド(制服Ver.),販売,FALSE,1650,2,購入上限: 2
129,ルーラーシップ,公式アクリルスタンド(制服Ver.),販売,FALSE,1650,2,購入上限: 2
130,テイエムオペラオー,公式アクリルスタンド(制服Ver.),販売,FALSE,1650,2,購入上限: 2
131,ジェンティルドンナ,公式アクリルスタンド(制服Ver.),販売,FALSE,1650,2,購入上限: 2
132,サクラチトセオー,公式アクリルスタンド(制服Ver.),販売,FALSE,1650,2,購入上限: 2
133,ステイゴールド,公式アクリルスタンド(制服Ver.),販売,FALSE,1650,2,購入上限: 2
134,アーモンドアイ,公式はっぴ(BURNING AS ONE Ver.),販売,FALSE,8000,2,購入上限: 2
135,フォーエバーヤング,公式はっぴ(BURNING AS ONE Ver.),販売,FALSE,8000,2,購入上限: 2
136,アーモンドアイ,公式カラビナ付きぬいぐるみ(BURNING AS ONE Ver.),販売,FALSE,3200,2,購入上限: 2
137,フォーエバーヤング,公式カラビナ付きぬいぐるみ(BURNING AS ONE Ver.),販売,FALSE,3200,2,購入上限: 2
138,ライスシャワー,公式カラビナ付きぬいぐるみ(Snowy Integrity Ver.),販売,FALSE,3200,2,購入上限: 2
139,サクラローレル,公式カラビナ付きぬいぐるみ(Snowy Integrity Ver.),販売,FALSE,3200,2,購入上限: 2
140,ナリタトップロード,公式カラビナ付きぬいぐるみ(Snowy Integrity Ver.),販売,FALSE,3200,2,購入上限: 2
141,アーモンドアイ,公式アクリルスタンド(BURNING AS ONE Ver.),販売,FALSE,1650,2,購入上限: 2
142,フォーエバーヤング,公式アクリルスタンド(BURNING AS ONE Ver.),販売,FALSE,1650,2,購入上限: 2
143,アーモンドアイ,公式ラメアクリルキーホルダー(BURNING AS ONE Ver.),販売,FALSE,1500,2,購入上限: 2
144,フォーエバーヤング,公式ラメアクリルキーホルダー(BURNING AS ONE Ver.),販売,FALSE,1500,2,購入上限: 2
145,アーモンドアイ,公式缶バッジ(BURNING AS ONE Ver.),販売,FALSE,600,2,購入上限: 2
146,フォーエバーヤング,公式缶バッジ(BURNING AS ONE Ver.),販売,FALSE,600,2,購入上限: 2
147,"アーモンドアイ,フォーエバーヤング",公式クリアファイル,販売,FALSE,700,2,購入上限: 2
148,シンボリルドルフ,公式トレーディング勝負靴アクリルキーホルダー Vol.3,販売,TRUE,800,20,購入上限: 20
149,エアグルーヴ,公式トレーディング勝負靴アクリルキーホルダー Vol.3,販売,TRUE,800,20,購入上限: 20
150,セイウンスカイ,公式トレーディング勝負靴アクリルキーホルダー Vol.3,販売,TRUE,800,20,購入上限: 20
151,ファインモーション,公式トレーディング勝負靴アクリルキーホルダー Vol.3,販売,TRUE,800,20,購入上限: 20
152,マヤノトップガン,公式トレーディング勝負靴アクリルキーホルダー Vol.3,販売,TRUE,800,20,購入上限: 20
153,アイネスフウジン,公式トレーディング勝負靴アクリルキーホルダー Vol.3,販売,TRUE,800,20,購入上限: 20
154,エアシャカール,公式トレーディング勝負靴アクリルキーホルダー Vol.3,販売,TRUE,800,20,購入上限: 20
155,シーキングザパール,公式トレーディング勝負靴アクリルキーホルダー Vol.3,販売,TRUE,800,20,購入上限: 20
156,ナカヤマフェスタ,公式トレーディング勝負靴アクリルキーホルダー Vol.3,販売,TRUE,800,20,購入上限: 20
157,ニシノフラワー,公式トレーディング勝負靴アクリルキーホルダー Vol.3,販売,TRUE,800,20,購入上限: 20
158,ハルウララ,公式トレーディング勝負靴アクリルキーホルダー Vol.3,販売,TRUE,800,20,購入上限: 20
159,マチカネフクキタル,公式トレーディング勝負靴アクリルキーホルダー Vol.3,販売,TRUE,800,20,購入上限: 20
160,メジロアルダン,公式トレーディング勝負靴アクリルキーホルダー Vol.3,販売,TRUE,800,20,購入上限: 20
161,ツルマルツヨシ,公式トレーディング勝負靴アクリルキーホルダー Vol.3,販売,TRUE,800,20,購入上限: 20
162,デアリングタクト,公式トレーディング勝負靴アクリルキーホルダー Vol.3,販売,TRUE,800,20,購入上限: 20
163,フリオーソ,公式トレーディング勝負靴アクリルキーホルダー Vol.3,販売,TRUE,800,20,購入上限: 20
164,トランセンド,公式トレーディング勝負靴アクリルキーホルダー Vol.3,販売,TRUE,800,20,購入上限: 20
165,エスポワールシチー,公式トレーディング勝負靴アクリルキーホルダー Vol.3,販売,TRUE,800,20,購入上限: 20
166,メジロラモーヌ,公式トレーディング勝負靴アクリルキーホルダー Vol.3,販売,TRUE,800,20,購入上限: 20
167,アストンマーチャン,公式トレーディング勝負靴アクリルキーホルダー Vol.3,販売,TRUE,800,20,購入上限: 20
168,フサイチパンドラ,公式トレーディング勝負靴アクリルキーホルダー Vol.3,販売,TRUE,800,20,購入上限: 20
169,ウインバリアシオン,公式トレーディング勝負靴アクリルキーホルダー Vol.3,販売,TRUE,800,20,購入上限: 20
170,ドリームジャーニー,公式トレーディング勝負靴アクリルキーホルダー Vol.3,販売,TRUE,800,20,購入上限: 20
171,カルストンライトオ,公式トレーディング勝負靴アクリルキーホルダー Vol.3,販売,TRUE,800,20,購入上限: 20
172,デュランダル,公式トレーディング勝負靴アクリルキーホルダー Vol.3,販売,TRUE,800,20,購入上限: 20
173,アーモンドアイ,公式トレーディング勝負靴アクリルキーホルダー Vol.3,販売,TRUE,800,20,購入上限: 20
174,グランアレグリア,公式トレーディング勝負靴アクリルキーホルダー Vol.3,販売,TRUE,800,20,購入上限: 20
175,ラヴズオンリーユー,公式トレーディング勝負靴アクリルキーホルダー Vol.3,販売,TRUE,800,20,購入上限: 20
176,クロノジェネシス,公式トレーディング勝負靴アクリルキーホルダー Vol.3,販売,TRUE,800,20,購入上限: 20
177,ステイゴールド,公式トレーディング勝負靴アクリルキーホルダー Vol.3,販売,TRUE,800,20,購入上限: 20
178,アーモンドアイ,公式ミニ応援タオルキーホルダーガチャ(7th EVENT in TOKYO Ver.),販売,TRUE,500,10,購入上限: 10
179,フォーエバーヤング,公式ミニ応援タオルキーホルダーガチャ(7th EVENT in TOKYO Ver.),販売,TRUE,500,10,購入上限: 10
180,トウカイテイオー,公式ミニ応援タオルキーホルダーガチャ(7th EVENT in TOKYO Ver.),販売,TRUE,500,10,購入上限: 10
181,オグリキャップ,公式ミニ応援タオルキーホルダーガチャ(7th EVENT in TOKYO Ver.),販売,TRUE,500,10,購入上限: 10
182,ゴールドシップ,公式ミニ応援タオルキーホルダーガチャ(7th EVENT in TOKYO Ver.),販売,TRUE,500,10,購入上限: 10
183,テイエムオペラオー,公式ミニ応援タオルキーホルダーガチャ(7th EVENT in TOKYO Ver.),販売,TRUE,500,10,購入上限: 10
184,アグネスデジタル,公式ミニ応援タオルキーホルダーガチャ(7th EVENT in TOKYO Ver.),販売,TRUE,500,10,購入上限: 10
185,タマモクロス,公式ミニ応援タオルキーホルダーガチャ(7th EVENT in TOKYO Ver.),販売,TRUE,500,10,購入上限: 10
186,ファインモーション,公式ミニ応援タオルキーホルダーガチャ(7th EVENT in TOKYO Ver.),販売,TRUE,500,10,購入上限: 10
187,エアシャカール,公式ミニ応援タオルキーホルダーガチャ(7th EVENT in TOKYO Ver.),販売,TRUE,500,10,購入上限: 10
188,エイシンフラッシュ,公式ミニ応援タオルキーホルダーガチャ(7th EVENT in TOKYO Ver.),販売,TRUE,500,10,購入上限: 10
189,トーセンジョーダン,公式ミニ応援タオルキーホルダーガチャ(7th EVENT in TOKYO Ver.),販売,TRUE,500,10,購入上限: 10
190,ナカヤマフェスタ,公式ミニ応援タオルキーホルダーガチャ(7th EVENT in TOKYO Ver.),販売,TRUE,500,10,購入上限: 10
191,メイショウドトウ,公式ミニ応援タオルキーホルダーガチャ(7th EVENT in TOKYO Ver.),販売,TRUE,500,10,購入上限: 10
192,キタサンブラック,公式ミニ応援タオルキーホルダーガチャ(7th EVENT in TOKYO Ver.),販売,TRUE,500,10,購入上限: 10
193,サクラチヨノオー,公式ミニ応援タオルキーホルダーガチャ(7th EVENT in TOKYO Ver.),販売,TRUE,500,10,購入上限: 10
194,デアリングタクト,公式ミニ応援タオルキーホルダーガチャ(7th EVENT in TOKYO Ver.),販売,TRUE,500,10,購入上限: 10
195,ナリタトップロード,公式ミニ応援タオルキーホルダーガチャ(7th EVENT in TOKYO Ver.),販売,TRUE,500,10,購入上限: 10
196,エスポワールシチー,公式ミニ応援タオルキーホルダーガチャ(7th EVENT in TOKYO Ver.),販売,TRUE,500,10,購入上限: 10
197,シンボリクリスエス,公式ミニ応援タオルキーホルダーガチャ(7th EVENT in TOKYO Ver.),販売,TRUE,500,10,購入上限: 10
198,ジャングルポケット,公式ミニ応援タオルキーホルダーガチャ(7th EVENT in TOKYO Ver.),販売,TRUE,500,10,購入上限: 10
199,ドゥラメンテ,公式ミニ応援タオルキーホルダーガチャ(7th EVENT in TOKYO Ver.),販売,TRUE,500,10,購入上限: 10
200,ブエナビスタ,公式ミニ応援タオルキーホルダーガチャ(7th EVENT in TOKYO Ver.),販売,TRUE,500,10,購入上限: 10
201,ジェンティルドンナ,公式ミニ応援タオルキーホルダーガチャ(7th EVENT in TOKYO Ver.),販売,TRUE,500,10,購入上限: 10
202,アドマイヤグルーヴ,公式ミニ応援タオルキーホルダーガチャ(7th EVENT in TOKYO Ver.),販売,TRUE,500,10,購入上限: 10
203,ドリームジャーニー,公式ミニ応援タオルキーホルダーガチャ(7th EVENT in TOKYO Ver.),販売,TRUE,500,10,購入上限: 10
204,カルストンライトオ,公式ミニ応援タオルキーホルダーガチャ(7th EVENT in TOKYO Ver.),販売,TRUE,500,10,購入上限: 10
205,サクラチトセオー,公式ミニ応援タオルキーホルダーガチャ(7th EVENT in TOKYO Ver.),販売,TRUE,500,10,購入上限: 10
206,フェノーメノ,公式ミニ応援タオルキーホルダーガチャ(7th EVENT in TOKYO Ver.),販売,TRUE,500,10,購入上限: 10
207,ラッキーライラック,公式ミニ応援タオルキーホルダーガチャ(7th EVENT in TOKYO Ver.),販売,TRUE,500,10,購入上限: 10
208,グランアレグリア,公式ミニ応援タオルキーホルダーガチャ(7th EVENT in TOKYO Ver.),販売,TRUE,500,10,購入上限: 10
209,ラヴズオンリーユー,公式ミニ応援タオルキーホルダーガチャ(7th EVENT in TOKYO Ver.),販売,TRUE,500,10,購入上限: 10
210,カレンブーケドール,公式ミニ応援タオルキーホルダーガチャ(7th EVENT in TOKYO Ver.),販売,TRUE,500,10,購入上限: 10
211,ステイゴールド,公式ミニ応援タオルキーホルダーガチャ(7th EVENT in TOKYO Ver.),販売,TRUE,500,10,購入上限: 10
212,レッドディザイア,公式ミニ応援タオルキーホルダーガチャ(7th EVENT in TOKYO Ver.),販売,TRUE,500,10,購入上限: 10
213,キセキ,公式ミニ応援タオルキーホルダーガチャ(7th EVENT in TOKYO Ver.),販売,TRUE,500,10,購入上限: 10
214,マルシュロレーヌ,公式ミニ応援タオルキーホルダーガチャ(7th EVENT in TOKYO Ver.),販売,TRUE,500,10,購入上限: 10
215,エピファネイア,公式ミニ応援タオルキーホルダーガチャ(7th EVENT in TOKYO Ver.),販売,TRUE,500,10,購入上限: 10
216,ロゴタイプ,公式ミニ応援タオルキーホルダーガチャ(7th EVENT in TOKYO Ver.),販売,TRUE,500,10,購入上限: 10
217,ヴィクトワールピサ,公式ミニ応援タオルキーホルダーガチャ(7th EVENT in TOKYO Ver.),販売,TRUE,500,10,購入上限: 10
218,ローズキングダム,公式ミニ応援タオルキーホルダーガチャ(7th EVENT in TOKYO Ver.),販売,TRUE,500,10,購入上限: 10
219,ルーラーシップ,公式ミニ応援タオルキーホルダーガチャ(7th EVENT in TOKYO Ver.),販売,TRUE,500,10,購入上限: 10
220,トウカイテイオー,アニメイトカフェ出張所メニュー注文特典ランダムコースター(Aグループ),特典,TRUE,850,,メニューで変動: 850-1500円
221,アグネスデジタル,アニメイトカフェ出張所メニュー注文特典ランダムコースター(Aグループ),特典,TRUE,850,,メニューで変動: 850-1500円
222,タマモクロス,アニメイトカフェ出張所メニュー注文特典ランダムコースター(Aグループ),特典,TRUE,850,,メニューで変動: 850-1500円
223,トーセンジョーダン,アニメイトカフェ出張所メニュー注文特典ランダムコースター(Aグループ),特典,TRUE,850,,メニューで変動: 850-1500円
224,シンボリクリスエス,アニメイトカフェ出張所メニュー注文特典ランダムコースター(Aグループ),特典,TRUE,850,,メニューで変動: 850-1500円
225,ジャングルポケット,アニメイトカフェ出張所メニュー注文特典ランダムコースター(Aグループ),特典,TRUE,850,,メニューで変動: 850-1500円
226,ブエナビスタ,アニメイトカフェ出張所メニュー注文特典ランダムコースター(Aグループ),特典,TRUE,850,,メニューで変動: 850-1500円
227,ジェンティルドンナ,アニメイトカフェ出張所メニュー注文特典ランダムコースター(Aグループ),特典,TRUE,850,,メニューで変動: 850-1500円
228,アドマイヤグルーヴ,アニメイトカフェ出張所メニュー注文特典ランダムコースター(Aグループ),特典,TRUE,850,,メニューで変動: 850-1500円
229,ラヴズオンリーユー,アニメイトカフェ出張所メニュー注文特典ランダムコースター(Aグループ),特典,TRUE,850,,メニューで変動: 850-1500円
230,カレンブーケドール,アニメイトカフェ出張所メニュー注文特典ランダムコースター(Aグループ),特典,TRUE,850,,メニューで変動: 850-1500円
231,レッドディザイア,アニメイトカフェ出張所メニュー注文特典ランダムコースター(Aグループ),特典,TRUE,850,,メニューで変動: 850-1500円
232,フォーエバーヤング,アニメイトカフェ出張所メニュー注文特典ランダムコースター(Aグループ),特典,TRUE,850,,メニューで変動: 850-1500円
233,ルーラーシップ,アニメイトカフェ出張所メニュー注文特典ランダムコースター(Aグループ),特典,TRUE,850,,メニューで変動: 850-1500円
234,オグリキャップ,アニメイトカフェ出張所メニュー注文特典ランダムコースター(Bグループ),特典,TRUE,850,,メニューで変動: 850-1500円
235,テイエムオペラオー,アニメイトカフェ出張所メニュー注文特典ランダムコースター(Bグループ),特典,TRUE,850,,メニューで変動: 850-1500円
236,ナカヤマフェスタ,アニメイトカフェ出張所メニュー注文特典ランダムコースター(Bグループ),特典,TRUE,850,,メニューで変動: 850-1500円
237,メイショウドトウ,アニメイトカフェ出張所メニュー注文特典ランダムコースター(Bグループ),特典,TRUE,850,,メニューで変動: 850-1500円
238,キタサンブラック,アニメイトカフェ出張所メニュー注文特典ランダムコースター(Bグループ),特典,TRUE,850,,メニューで変動: 850-1500円
239,デアリングタクト,アニメイトカフェ出張所メニュー注文特典ランダムコースター(Bグループ),特典,TRUE,850,,メニューで変動: 850-1500円
240,エスポワールシチー,アニメイトカフェ出張所メニュー注文特典ランダムコースター(Bグループ),特典,TRUE,850,,メニューで変動: 850-1500円
241,カルストンライトオ,アニメイトカフェ出張所メニュー注文特典ランダムコースター(Bグループ),特典,TRUE,850,,メニューで変動: 850-1500円
242,フェノーメノ,アニメイトカフェ出張所メニュー注文特典ランダムコースター(Bグループ),特典,TRUE,850,,メニューで変動: 850-1500円
243,グランアレグリア,アニメイトカフェ出張所メニュー注文特典ランダムコースター(Bグループ),特典,TRUE,850,,メニューで変動: 850-1500円
244,キセキ,アニメイトカフェ出張所メニュー注文特典ランダムコースター(Bグループ),特典,TRUE,850,,メニューで変動: 850-1500円
245,エピファネイア,アニメイトカフェ出張所メニュー注文特典ランダムコースター(Bグループ),特典,TRUE,850,,メニューで変動: 850-1500円
246,ロゴタイプ,アニメイトカフェ出張所メニュー注文特典ランダムコースター(Bグループ),特典,TRUE,850,,メニューで変動: 850-1500円
247,ヴィクトワールピサ,アニメイトカフェ出張所メニュー注文特典ランダムコースター(Bグループ),特典,TRUE,850,,メニューで変動: 850-1500円
248,ゴールドシップ,アニメイトカフェ出張所メニュー注文特典ランダムコースター(Cグループ),特典,TRUE,850,,メニューで変動: 850-1500円
249,ファインモーション,アニメイトカフェ出張所メニュー注文特典ランダムコースター(Cグループ),特典,TRUE,850,,メニューで変動: 850-1500円
250,エアシャカール,アニメイトカフェ出張所メニュー注文特典ランダムコースター(Cグループ),特典,TRUE,850,,メニューで変動: 850-1500円
251,エイシンフラッシュ,アニメイトカフェ出張所メニュー注文特典ランダムコースター(Cグループ),特典,TRUE,850,,メニューで変動: 850-1500円
252,サクラチヨノオー,アニメイトカフェ出張所メニュー注文特典ランダムコースター(Cグループ),特典,TRUE,850,,メニューで変動: 850-1500円
253,ナリタトップロード,アニメイトカフェ出張所メニュー注文特典ランダムコースター(Cグループ),特典,TRUE,850,,メニューで変動: 850-1500円
254,ドゥラメンテ,アニメイトカフェ出張所メニュー注文特典ランダムコースター(Cグループ),特典,TRUE,850,,メニューで変動: 850-1500円
255,ドリームジャーニー,アニメイトカフェ出張所メニュー注文特典ランダムコースター(Cグループ),特典,TRUE,850,,メニューで変動: 850-1500円
256,サクラチトセオー,アニメイトカフェ出張所メニュー注文特典ランダムコースター(Cグループ),特典,TRUE,850,,メニューで変動: 850-1500円
257,アーモンドアイ,アニメイトカフェ出張所メニュー注文特典ランダムコースター(Cグループ),特典,TRUE,850,,メニューで変動: 850-1500円
258,ラッキーライラック,アニメイトカフェ出張所メニュー注文特典ランダムコースター(Cグループ),特典,TRUE,850,,メニューで変動: 850-1500円
259,ステイゴールド,アニメイトカフェ出張所メニュー注文特典ランダムコースター(Cグループ),特典,TRUE,850,,メニューで変動: 850-1500円
260,マルシュロレーヌ,アニメイトカフェ出張所メニュー注文特典ランダムコースター(Cグループ),特典,TRUE,850,,メニューで変動: 850-1500円
261,ローズキングダム,アニメイトカフェ出張所メニュー注文特典ランダムコースター(Cグループ),特典,TRUE,850,,メニューで変動: 850-1500円
262,トウカイテイオー,アニメイトカフェ出張所トレーディングCoLotta(Aグループ),販売,TRUE,900,,
263,アグネスデジタル,アニメイトカフェ出張所トレーディングCoLotta(Aグループ),販売,TRUE,900,,
264,タマモクロス,アニメイトカフェ出張所トレーディングCoLotta(Aグループ),販売,TRUE,900,,
265,トーセンジョーダン,アニメイトカフェ出張所トレーディングCoLotta(Aグループ),販売,TRUE,900,,
266,シンボリクリスエス,アニメイトカフェ出張所トレーディングCoLotta(Aグループ),販売,TRUE,900,,
267,ジャングルポケット,アニメイトカフェ出張所トレーディングCoLotta(Aグループ),販売,TRUE,900,,
268,ブエナビスタ,アニメイトカフェ出張所トレーディングCoLotta(Aグループ),販売,TRUE,900,,
269,ジェンティルドンナ,アニメイトカフェ出張所トレーディングCoLotta(Aグループ),販売,TRUE,900,,
270,アドマイヤグルーヴ,アニメイトカフェ出張所トレーディングCoLotta(Aグループ),販売,TRUE,900,,
271,ラヴズオンリーユー,アニメイトカフェ出張所トレーディングCoLotta(Aグループ),販売,TRUE,900,,
272,カレンブーケドール,アニメイトカフェ出張所トレーディングCoLotta(Aグループ),販売,TRUE,900,,
273,レッドディザイア,アニメイトカフェ出張所トレーディングCoLotta(Aグループ),販売,TRUE,900,,
274,フォーエバーヤング,アニメイトカフェ出張所トレーディングCoLotta(Aグループ),販売,TRUE,900,,
275,ルーラーシップ,アニメイトカフェ出張所トレーディングCoLotta(Aグループ),販売,TRUE,900,,
276,オグリキャップ,アニメイトカフェ出張所トレーディングCoLotta(Bグループ),販売,TRUE,900,,
277,テイエムオペラオー,アニメイトカフェ出張所トレーディングCoLotta(Bグループ),販売,TRUE,900,,
278,ナカヤマフェスタ,アニメイトカフェ出張所トレーディングCoLotta(Bグループ),販売,TRUE,900,,
279,メイショウドトウ,アニメイトカフェ出張所トレーディングCoLotta(Bグループ),販売,TRUE,900,,
280,キタサンブラック,アニメイトカフェ出張所トレーディングCoLotta(Bグループ),販売,TRUE,900,,
281,デアリングタクト,アニメイトカフェ出張所トレーディングCoLotta(Bグループ),販売,TRUE,900,,
282,エスポワールシチー,アニメイトカフェ出張所トレーディングCoLotta(Bグループ),販売,TRUE,900,,
283,カルストンライトオ,アニメイトカフェ出張所トレーディングCoLotta(Bグループ),販売,TRUE,900,,
284,フェノーメノ,アニメイトカフェ出張所トレーディングCoLotta(Bグループ),販売,TRUE,900,,
285,グランアレグリア,アニメイトカフェ出張所トレーディングCoLotta(Bグループ),販売,TRUE,900,,
286,キセキ,アニメイトカフェ出張所トレーディングCoLotta(Bグループ),販売,TRUE,900,,
287,エピファネイア,アニメイトカフェ出張所トレーディングCoLotta(Bグループ),販売,TRUE,900,,
288,ロゴタイプ,アニメイトカフェ出張所トレーディングCoLotta(Bグループ),販売,TRUE,900,,
289,ヴィクトワールピサ,アニメイトカフェ出張所トレーディングCoLotta(Bグループ),販売,TRUE,900,,
290,ゴールドシップ,アニメイトカフェ出張所トレーディングCoLotta(Cグループ),販売,TRUE,900,,
291,ファインモーション,アニメイトカフェ出張所トレーディングCoLotta(Cグループ),販売,TRUE,900,,
292,エアシャカール,アニメイトカフェ出張所トレーディングCoLotta(Cグループ),販売,TRUE,900,,
293,エイシンフラッシュ,アニメイトカフェ出張所トレーディングCoLotta(Cグループ),販売,TRUE,900,,
294,サクラチヨノオー,アニメイトカフェ出張所トレーディングCoLotta(Cグループ),販売,TRUE,900,,
295,ナリタトップロード,アニメイトカフェ出張所トレーディングCoLotta(Cグループ),販売,TRUE,900,,
296,ドゥラメンテ,アニメイトカフェ出張所トレーディングCoLotta(Cグループ),販売,TRUE,900,,
297,ドリームジャーニー,アニメイトカフェ出張所トレーディングCoLotta(Cグループ),販売,TRUE,900,,
298,サクラチトセオー,アニメイトカフェ出張所トレーディングCoLotta(Cグループ),販売,TRUE,900,,
299,アーモンドアイ,アニメイトカフェ出張所トレーディングCoLotta(Cグループ),販売,TRUE,900,,
300,ラッキーライラック,アニメイトカフェ出張所トレーディングCoLotta(Cグループ),販売,TRUE,900,,
301,ステイゴールド,アニメイトカフェ出張所トレーディングCoLotta(Cグループ),販売,TRUE,900,,
302,マルシュロレーヌ,アニメイトカフェ出張所トレーディングCoLotta(Cグループ),販売,TRUE,900,,
303,ローズキングダム,アニメイトカフェ出張所トレーディングCoLotta(Cグループ),販売,TRUE,900,,
304,トウカイテイオー,アニメイトカフェ出張所トレーディングアクリルコースター(Aグループ),販売,TRUE,750,,
305,アグネスデジタル,アニメイトカフェ出張所トレーディングアクリルコースター(Aグループ),販売,TRUE,750,,
306,タマモクロス,アニメイトカフェ出張所トレーディングアクリルコースター(Aグループ),販売,TRUE,750,,
307,トーセンジョーダン,アニメイトカフェ出張所トレーディングアクリルコースター(Aグループ),販売,TRUE,750,,
308,シンボリクリスエス,アニメイトカフェ出張所トレーディングアクリルコースター(Aグループ),販売,TRUE,750,,
309,ジャングルポケット,アニメイトカフェ出張所トレーディングアクリルコースター(Aグループ),販売,TRUE,750,,
310,ブエナビスタ,アニメイトカフェ出張所トレーディングアクリルコースター(Aグループ),販売,TRUE,750,,
311,ジェンティルドンナ,アニメイトカフェ出張所トレーディングアクリルコースター(Aグループ),販売,TRUE,750,,
312,アドマイヤグルーヴ,アニメイトカフェ出張所トレーディングアクリルコースター(Aグループ),販売,TRUE,750,,
313,ラヴズオンリーユー,アニメイトカフェ出張所トレーディングアクリルコースター(Aグループ),販売,TRUE,750,,
314,カレンブーケドール,アニメイトカフェ出張所トレーディングアクリルコースター(Aグループ),販売,TRUE,750,,
315,レッドディザイア,アニメイトカフェ出張所トレーディングアクリルコースター(Aグループ),販売,TRUE,750,,
316,フォーエバーヤング,アニメイトカフェ出張所トレーディングアクリルコースター(Aグループ),販売,TRUE,750,,
317,ルーラーシップ,アニメイトカフェ出張所トレーディングアクリルコースター(Aグループ),販売,TRUE,750,,
318,オグリキャップ,アニメイトカフェ出張所トレーディングアクリルコースター(Bグループ),販売,TRUE,750,,
319,テイエムオペラオー,アニメイトカフェ出張所トレーディングアクリルコースター(Bグループ),販売,TRUE,750,,
320,ナカヤマフェスタ,アニメイトカフェ出張所トレーディングアクリルコースター(Bグループ),販売,TRUE,750,,
321,メイショウドトウ,アニメイトカフェ出張所トレーディングアクリルコースター(Bグループ),販売,TRUE,750,,
322,キタサンブラック,アニメイトカフェ出張所トレーディングアクリルコースター(Bグループ),販売,TRUE,750,,
323,デアリングタクト,アニメイトカフェ出張所トレーディングアクリルコースター(Bグループ),販売,TRUE,750,,
324,エスポワールシチー,アニメイトカフェ出張所トレーディングアクリルコースター(Bグループ),販売,TRUE,750,,
325,カルストンライトオ,アニメイトカフェ出張所トレーディングアクリルコースター(Bグループ),販売,TRUE,750,,
326,フェノーメノ,アニメイトカフェ出張所トレーディングアクリルコースター(Bグループ),販売,TRUE,750,,
327,グランアレグリア,アニメイトカフェ出張所トレーディングアクリルコースター(Bグループ),販売,TRUE,750,,
328,キセキ,アニメイトカフェ出張所トレーディングアクリルコースター(Bグループ),販売,TRUE,750,,
329,エピファネイア,アニメイトカフェ出張所トレーディングアクリルコースター(Bグループ),販売,TRUE,750,,
330,ロゴタイプ,アニメイトカフェ出張所トレーディングアクリルコースター(Bグループ),販売,TRUE,750,,
331,ヴィクトワールピサ,アニメイトカフェ出張所トレーディングアクリルコースター(Bグループ),販売,TRUE,750,,
332,ゴールドシップ,アニメイトカフェ出張所トレーディングアクリルコースター(Cグループ),販売,TRUE,750,,
333,ファインモーション,アニメイトカフェ出張所トレーディングアクリルコースター(Cグループ),販売,TRUE,750,,
334,エアシャカール,アニメイトカフェ出張所トレーディングアクリルコースター(Cグループ),販売,TRUE,750,,
335,エイシンフラッシュ,アニメイトカフェ出張所トレーディングアクリルコースター(Cグループ),販売,TRUE,750,,
336,サクラチヨノオー,アニメイトカフェ出張所トレーディングアクリルコースター(Cグループ),販売,TRUE,750,,
337,ナリタトップロード,アニメイトカフェ出張所トレーディングアクリルコースター(Cグループ),販売,TRUE,750,,
338,ドゥラメンテ,アニメイトカフェ出張所トレーディングアクリルコースター(Cグループ),販売,TRUE,750,,
339,ドリームジャーニー,アニメイトカフェ出張所トレーディングアクリルコースター(Cグループ),販売,TRUE,750,,
340,サクラチトセオー,アニメイトカフェ出張所トレーディングアクリルコースター(Cグループ),販売,TRUE,750,,
341,アーモンドアイ,アニメイトカフェ出張所トレーディングアクリルコースター(Cグループ),販売,TRUE,750,,
342,ラッキーライラック,アニメイトカフェ出張所トレーディングアクリルコースター(Cグループ),販売,TRUE,750,,
343,ステイゴールド,アニメイトカフェ出張所トレーディングアクリルコースター(Cグループ),販売,TRUE,750,,
344,マルシュロレーヌ,アニメイトカフェ出張所トレーディングアクリルコースター(Cグループ),販売,TRUE,750,,
345,ローズキングダム,アニメイトカフェ出張所トレーディングアクリルコースター(Cグループ),販売,TRUE,750,,
346,トウカイテイオー,アニメイトカフェ出張所トレーディングアクリルコースター(Aグループ),販売,TRUE,750,,
347,アグネスデジタル,アニメイトカフェ出張所トレーディングストローマーカー(Aグループ),販売,TRUE,750,,
348,タマモクロス,アニメイトカフェ出張所トレーディングストローマーカー(Aグループ),販売,TRUE,750,,
349,トーセンジョーダン,アニメイトカフェ出張所トレーディングストローマーカー(Aグループ),販売,TRUE,750,,
350,シンボリクリスエス,アニメイトカフェ出張所トレーディングストローマーカー(Aグループ),販売,TRUE,750,,
351,ジャングルポケット,アニメイトカフェ出張所トレーディングストローマーカー(Aグループ),販売,TRUE,750,,
352,ブエナビスタ,アニメイトカフェ出張所トレーディングストローマーカー(Aグループ),販売,TRUE,750,,
353,ジェンティルドンナ,アニメイトカフェ出張所トレーディングストローマーカー(Aグループ),販売,TRUE,750,,
354,アドマイヤグルーヴ,アニメイトカフェ出張所トレーディングストローマーカー(Aグループ),販売,TRUE,750,,
355,ラヴズオンリーユー,アニメイトカフェ出張所トレーディングストローマーカー(Aグループ),販売,TRUE,750,,
356,カレンブーケドール,アニメイトカフェ出張所トレーディングストローマーカー(Aグループ),販売,TRUE,750,,
357,レッドディザイア,アニメイトカフェ出張所トレーディングストローマーカー(Aグループ),販売,TRUE,750,,
358,フォーエバーヤング,アニメイトカフェ出張所トレーディングストローマーカー(Aグループ),販売,TRUE,750,,
359,ルーラーシップ,アニメイトカフェ出張所トレーディングストローマーカー(Aグループ),販売,TRUE,750,,
360,オグリキャップ,アニメイトカフェ出張所トレーディングストローマーカー(Bグループ),販売,TRUE,750,,
361,テイエムオペラオー,アニメイトカフェ出張所トレーディングストローマーカー(Bグループ),販売,TRUE,750,,
362,ナカヤマフェスタ,アニメイトカフェ出張所トレーディングストローマーカー(Bグループ),販売,TRUE,750,,
363,メイショウドトウ,アニメイトカフェ出張所トレーディングストローマーカー(Bグループ),販売,TRUE,750,,
364,キタサンブラック,アニメイトカフェ出張所トレーディングストローマーカー(Bグループ),販売,TRUE,750,,
365,デアリングタクト,アニメイトカフェ出張所トレーディングストローマーカー(Bグループ),販売,TRUE,750,,
366,エスポワールシチー,アニメイトカフェ出張所トレーディングストローマーカー(Bグループ),販売,TRUE,750,,
367,カルストンライトオ,アニメイトカフェ出張所トレーディングストローマーカー(Bグループ),販売,TRUE,750,,
368,フェノーメノ,アニメイトカフェ出張所トレーディングストローマーカー(Bグループ),販売,TRUE,750,,
369,グランアレグリア,アニメイトカフェ出張所トレーディングストローマーカー(Bグループ),販売,TRUE,750,,
370,キセキ,アニメイトカフェ出張所トレーディングストローマーカー(Bグループ),販売,TRUE,750,,
371,エピファネイア,アニメイトカフェ出張所トレーディングストローマーカー(Bグループ),販売,TRUE,750,,
372,ロゴタイプ,アニメイトカフェ出張所トレーディングストローマーカー(Bグループ),販売,TRUE,750,,
373,ヴィクトワールピサ,アニメイトカフェ出張所トレーディングストローマーカー(Bグループ),販売,TRUE,750,,
374,ゴールドシップ,アニメイトカフェ出張所トレーディングストローマーカー(Cグループ),販売,TRUE,750,,
375,ファインモーション,アニメイトカフェ出張所トレーディングストローマーカー(Cグループ),販売,TRUE,750,,
376,エアシャカール,アニメイトカフェ出張所トレーディングストローマーカー(Cグループ),販売,TRUE,750,,
377,エイシンフラッシュ,アニメイトカフェ出張所トレーディングストローマーカー(Cグループ),販売,TRUE,750,,
378,サクラチヨノオー,アニメイトカフェ出張所トレーディングストローマーカー(Cグループ),販売,TRUE,750,,
379,ナリタトップロード,アニメイトカフェ出張所トレーディングストローマーカー(Cグループ),販売,TRUE,750,,
380,ドゥラメンテ,アニメイトカフェ出張所トレーディングストローマーカー(Cグループ),販売,TRUE,750,,
381,ドリームジャーニー,アニメイトカフェ出張所トレーディングストローマーカー(Cグループ),販売,TRUE,750,,
382,サクラチトセオー,アニメイトカフェ出張所トレーディングストローマーカー(Cグループ),販売,TRUE,750,,
383,アーモンドアイ,アニメイトカフェ出張所トレーディングストローマーカー(Cグループ),販売,TRUE,750,,
384,ラッキーライラック,アニメイトカフェ出張所トレーディングストローマーカー(Cグループ),販売,TRUE,750,,
385,ステイゴールド,アニメイトカフェ出張所トレーディングストローマーカー(Cグループ),販売,TRUE,750,,
386,マルシュロレーヌ,アニメイトカフェ出張所トレーディングストローマーカー(Cグループ),販売,TRUE,750,,
387,ローズキングダム,アニメイトカフェ出張所トレーディングストローマーカー(Cグループ),販売,TRUE,750,,
388,"ブエナビスタ,ヴィクトワールピサ",Google Play ブース アクリルスタンド,抽選,FALSE,0,,ガチャ券で抽選（Google Play Points の会員ステータスに応じて入手）
389,"ブエナビスタ,ヴィクトワールピサ",Google Play ブース ナイロンブルゾン,抽選,FALSE,0,,ガチャ券で抽選（Google Play Points の会員ステータスに応じて入手）
390,"ブエナビスタ,ヴィクトワールピサ",Google Play ブース Tシャツ,抽選,FALSE,0,,ガチャ券で抽選（Google Play Points の会員ステータスに応じて入手）
391,"ブエナビスタ,ヴィクトワールピサ",Google Play ブース キャップ,抽選,FALSE,0,,ガチャ券で抽選（Google Play Points の会員ステータスに応じて入手）
392,"ブエナビスタ,ヴィクトワールピサ",Google Play ブース ラバーキーホルダー3点セット,抽選,FALSE,0,,ガチャ券で抽選（Google Play Points の会員ステータスに応じて入手）
393,マルシュロレーヌ,ムービック通販 マルシュロレーヌ『マルちゃん』のパペット,予約販売,FALSE,6600,,ムービック通販サイトで予約
394,"アーモンドアイ,フォーエバーヤング",ムービック通販 ノベルティマグネット,特典,FALSE,0,,マルシュロレーヌ『マルちゃん』のパペットの予約画面提示で入手。
395,アグネスデジタル,ビックカメラコラボ ランダムカード 2枚入り,先行販売,TRUE,440,13,1BOX13パック入り(26枚): 5720円
396,エアシャカール,ビックカメラコラボ ランダムカード 2枚入り,先行販売,TRUE,440,13,1BOX13パック入り(26枚): 5720円
397,トランセンド,ビックカメラコラボ ランダムカード 2枚入り,先行販売,TRUE,440,13,1BOX13パック入り(26枚): 5720円
398,スティルインラブ,ビックカメラコラボ ランダムカード 2枚入り,先行販売,TRUE,440,13,1BOX13パック入り(26枚): 5720円
399,アドマイヤグルーヴ,ビックカメラコラボ ランダムカード 2枚入り,先行販売,TRUE,440,13,1BOX13パック入り(26枚): 5720円
400,ファインモーション,ビックカメラコラボ ランダムカード 2枚入り,先行販売,TRUE,440,13,1BOX13パック入り(26枚): 5720円
401,アグネスタキオン,ビックカメラコラボ ランダムカード 2枚入り,先行販売,TRUE,440,13,1BOX13パック入り(26枚): 5720円
402,ブエナビスタ,ビックカメラコラボ ランダムカード 2枚入り,先行販売,TRUE,440,13,1BOX13パック入り(26枚): 5720円
403,レッドディザイア,ビックカメラコラボ ランダムカード 2枚入り,先行販売,TRUE,440,13,1BOX13パック入り(26枚): 5720円
404,ヴィクトワールピサ,ビックカメラコラボ ランダムカード 2枚入り,先行販売,TRUE,440,13,1BOX13パック入り(26枚): 5720円
405,アグネスデジタル,ビックカメラコラボ ランダム缶バッジ,先行販売,TRUE,550,15,1BOX15種入り: 8250円
406,エアシャカール,ビックカメラコラボ ランダム缶バッジ,先行販売,TRUE,550,15,1BOX15種入り: 8250円
407,トランセンド,ビックカメラコラボ ランダム缶バッジ,先行販売,TRUE,550,15,1BOX15種入り: 8250円
408,スティルインラブ,ビックカメラコラボ ランダム缶バッジ,先行販売,TRUE,550,15,1BOX15種入り: 8250円
409,アドマイヤグルーヴ,ビックカメラコラボ ランダム缶バッジ,先行販売,TRUE,550,15,1BOX15種入り: 8250円
410,ファインモーション,ビックカメラコラボ ランダム缶バッジ,先行販売,TRUE,550,15,1BOX15種入り: 8250円
411,アグネスタキオン,ビックカメラコラボ ランダム缶バッジ,先行販売,TRUE,550,15,1BOX15種入り: 8250円
412,ブエナビスタ,ビックカメラコラボ ランダム缶バッジ,先行販売,TRUE,550,15,1BOX15種入り: 8250円
413,レッドディザイア,ビックカメラコラボ ランダム缶バッジ,先行販売,TRUE,550,15,1BOX15種入り: 8250円
414,ヴィクトワールピサ,ビックカメラコラボ ランダム缶バッジ,先行販売,TRUE,550,15,1BOX15種入り: 8250円
415,アグネスデジタル,ビックカメラコラボ ランダムフラッグキーホルダー,先行販売,TRUE,990,10,1BOX10種入り: 9900円
416,エアシャカール,ビックカメラコラボ ランダムフラッグキーホルダー,先行販売,TRUE,990,10,1BOX10種入り: 9900円
417,トランセンド,ビックカメラコラボ ランダムフラッグキーホルダー,先行販売,TRUE,990,10,1BOX10種入り: 9900円
418,スティルインラブ,ビックカメラコラボ ランダムフラッグキーホルダー,先行販売,TRUE,990,10,1BOX10種入り: 9900円
419,アドマイヤグルーヴ,ビックカメラコラボ ランダムフラッグキーホルダー,先行販売,TRUE,990,10,1BOX10種入り: 9900円
420,ファインモーション,ビックカメラコラボ ランダムフラッグキーホルダー,先行販売,TRUE,990,10,1BOX10種入り: 9900円
421,アグネスタキオン,ビックカメラコラボ ランダムフラッグキーホルダー,先行販売,TRUE,990,10,1BOX10種入り: 9900円
422,ブエナビスタ,ビックカメラコラボ ランダムフラッグキーホルダー,先行販売,TRUE,990,10,1BOX10種入り: 9900円
423,レッドディザイア,ビックカメラコラボ ランダムフラッグキーホルダー,先行販売,TRUE,990,10,1BOX10種入り: 9900円
424,ヴィクトワールピサ,ビックカメラコラボ ランダムフラッグキーホルダー,先行販売,TRUE,990,10,1BOX10種入り: 9900円
425,アグネスデジタル,ビックカメラコラボ ランダムバッグチャーム,先行販売,TRUE,1280,10,1BOX10種入り: 12800円
426,エアシャカール,ビックカメラコラボ ランダムバッグチャーム,先行販売,TRUE,1280,10,1BOX10種入り: 12800円
427,トランセンド,ビックカメラコラボ ランダムバッグチャーム,先行販売,TRUE,1280,10,1BOX10種入り: 12800円
428,スティルインラブ,ビックカメラコラボ ランダムバッグチャーム,先行販売,TRUE,1280,10,1BOX10種入り: 12800円
429,アドマイヤグルーヴ,ビックカメラコラボ ランダムバッグチャーム,先行販売,TRUE,1280,10,1BOX10種入り: 12800円
430,ファインモーション,ビックカメラコラボ ランダムバッグチャーム,先行販売,TRUE,1280,10,1BOX10種入り: 12800円
431,アグネスタキオン,ビックカメラコラボ ランダムバッグチャーム,先行販売,TRUE,1280,10,1BOX10種入り: 12800円
432,ブエナビスタ,ビックカメラコラボ ランダムバッグチャーム,先行販売,TRUE,1280,10,1BOX10種入り: 12800円
433,レッドディザイア,ビックカメラコラボ ランダムバッグチャーム,先行販売,TRUE,1280,10,1BOX10種入り: 12800円
434,ヴィクトワールピサ,ビックカメラコラボ ランダムバッグチャーム,先行販売,TRUE,1280,10,1BOX10種入り: 12800円
435,アグネスデジタル,ビックカメラコラボ クリアファイル,先行販売,FALSE,660,,
436,エアシャカール,ビックカメラコラボ クリアファイル,先行販売,FALSE,660,,
437,トランセンド,ビックカメラコラボ クリアファイル,先行販売,FALSE,660,,
438,スティルインラブ,ビックカメラコラボ クリアファイル,先行販売,FALSE,660,,
439,アドマイヤグルーヴ,ビックカメラコラボ クリアファイル,先行販売,FALSE,660,,
440,"アグネスデジタル,エアシャカール,トランセンド,スティルインラブ,アドマイヤグルーヴ",ビックカメラコラボ クリアファイル,先行販売,FALSE,660,,
441,アグネスデジタル,ビックカメラコラボ Tシャツ,先行販売,FALSE,3480,,
442,エアシャカール,ビックカメラコラボ Tシャツ,先行販売,FALSE,3480,,
443,トランセンド,ビックカメラコラボ Tシャツ,先行販売,FALSE,3480,,
444,スティルインラブ,ビックカメラコラボ Tシャツ,先行販売,FALSE,3480,,
445,アドマイヤグルーヴ,ビックカメラコラボ Tシャツ,先行販売,FALSE,3480,,
446,アグネスデジタル,ビックカメラコラボ ランダムサイリウムキーホルダー,先行販売,TRUE,990,10,1BOX10種入り: 9900円
447,エアシャカール,ビックカメラコラボ ランダムサイリウムキーホルダー,先行販売,TRUE,990,10,1BOX10種入り: 9900円
448,トランセンド,ビックカメラコラボ ランダムサイリウムキーホルダー,先行販売,TRUE,990,10,1BOX10種入り: 9900円
449,スティルインラブ,ビックカメラコラボ ランダムサイリウムキーホルダー,先行販売,TRUE,990,10,1BOX10種入り: 9900円
450,アドマイヤグルーヴ,ビックカメラコラボ ランダムサイリウムキーホルダー,先行販売,TRUE,990,10,1BOX10種入り: 9900円
451,ファインモーション,ビックカメラコラボ ランダムサイリウムキーホルダー,先行販売,TRUE,990,10,1BOX10種入り: 9900円
452,アグネスタキオン,ビックカメラコラボ ランダムサイリウムキーホルダー,先行販売,TRUE,990,10,1BOX10種入り: 9900円
453,ブエナビスタ,ビックカメラコラボ ランダムサイリウムキーホルダー,先行販売,TRUE,990,10,1BOX10種入り: 9900円
454,レッドディザイア,ビックカメラコラボ ランダムサイリウムキーホルダー,先行販売,TRUE,990,10,1BOX10種入り: 9900円
455,ヴィクトワールピサ,ビックカメラコラボ ランダムサイリウムキーホルダー,先行販売,TRUE,990,10,1BOX10種入り: 9900円
456,アグネスデジタル,ビックカメラコラボ 書き下ろしステッカー,先行販売,FALSE,440,,
457,エアシャカール,ビックカメラコラボ 書き下ろしステッカー,先行販売,FALSE,440,,
458,トランセンド,ビックカメラコラボ 書き下ろしステッカー,先行販売,FALSE,440,,
459,スティルインラブ,ビックカメラコラボ 書き下ろしステッカー,先行販売,FALSE,440,,
460,アドマイヤグルーヴ,ビックカメラコラボ 書き下ろしステッカー,先行販売,FALSE,440,,
461,アグネスデジタル,ビックカメラコラボ マルチクリアケース,先行販売,FALSE,2480,,
462,エアシャカール,ビックカメラコラボ マルチクリアケース,先行販売,FALSE,2480,,
463,トランセンド,ビックカメラコラボ マルチクリアケース,先行販売,FALSE,2480,,
464,スティルインラブ,ビックカメラコラボ マルチクリアケース,先行販売,FALSE,2480,,
465,アドマイヤグルーヴ,ビックカメラコラボ マルチクリアケース,先行販売,FALSE,2480,,
466,ファインモーション,ビックカメラコラボ マルチクリアケース,先行販売,FALSE,2480,,
467,アグネスタキオン,ビックカメラコラボ マルチクリアケース,先行販売,FALSE,2480,,
468,ブエナビスタ,ビックカメラコラボ マルチクリアケース,先行販売,FALSE,2480,,
469,レッドディザイア,ビックカメラコラボ マルチクリアケース,先行販売,FALSE,2480,,
470,ヴィクトワールピサ,ビックカメラコラボ マルチクリアケース,先行販売,FALSE,2480,,
471,アグネスデジタル,ビックカメラコラボ マルチストラップ,先行販売,FALSE,2480,,
472,エアシャカール,ビックカメラコラボ マルチストラップ,先行販売,FALSE,2480,,
473,トランセンド,ビックカメラコラボ マルチストラップ,先行販売,FALSE,2480,,
474,スティルインラブ,ビックカメラコラボ マルチストラップ,先行販売,FALSE,2480,,
475,アドマイヤグルーヴ,ビックカメラコラボ マルチストラップ,先行販売,FALSE,2480,,
476,ファインモーション,ビックカメラコラボ マルチストラップ,先行販売,FALSE,2480,,
477,アグネスタキオン,ビックカメラコラボ マルチストラップ,先行販売,FALSE,2480,,
478,ブエナビスタ,ビックカメラコラボ マルチストラップ,先行販売,FALSE,2480,,
479,レッドディザイア,ビックカメラコラボ マルチストラップ,先行販売,FALSE,2480,,
480,ヴィクトワールピサ,ビックカメラコラボ マルチストラップ,先行販売,FALSE,2480,,
481,"アーモンドアイ,フォーエバーヤング",ビックカメラコラボ レンチキュラーカード,特典,FALSE,0,,入手方法: 会場内協賛ブースで4000円以上購入で1点入手。4000円ごとではないため注意。
482,アグネスデジタル,ビックカメラコラボ ミニステッカー,特典,TRUE,0,,入手方法: 会場内協賛ブース＋有明ガーデンギャラリー1Fでの同時購入で1点入手。
483,エアシャカール,ビックカメラコラボ ミニステッカー,特典,TRUE,0,,入手方法: 会場内協賛ブース＋有明ガーデンギャラリー1Fでの同時購入で1点入手。
484,トランセンド,ビックカメラコラボ ミニステッカー,特典,TRUE,0,,入手方法: 会場内協賛ブース＋有明ガーデンギャラリー1Fでの同時購入で1点入手。
485,スティルインラブ,ビックカメラコラボ ミニステッカー,特典,TRUE,0,,入手方法: 会場内協賛ブース＋有明ガーデンギャラリー1Fでの同時購入で1点入手。
486,アドマイヤグルーヴ,ビックカメラコラボ ミニステッカー,特典,TRUE,0,,入手方法: 会場内協賛ブース＋有明ガーデンギャラリー1Fでの同時購入で1点入手。
487,アグネスデジタル,ビックカメラコラボ チケット風カード,特典,TRUE,0,,入手方法: 有明ガーデンギャラリー1Fで4000円以上購入するごとに1点入手。
488,エアシャカール,ビックカメラコラボ チケット風カード,特典,TRUE,0,,入手方法: 有明ガーデンギャラリー1Fで4000円以上購入するごとに1点入手。
489,トランセンド,ビックカメラコラボ チケット風カード,特典,TRUE,0,,入手方法: 有明ガーデンギャラリー1Fで4000円以上購入するごとに1点入手。
490,スティルインラブ,ビックカメラコラボ チケット風カード,特典,TRUE,0,,入手方法: 有明ガーデンギャラリー1Fで4000円以上購入するごとに1点入手。
491,アドマイヤグルーヴ,ビックカメラコラボ チケット風カード,特典,TRUE,0,,入手方法: 有明ガーデンギャラリー1Fで4000円以上購入するごとに1点入手。
492,アグネスデジタル,ビックカメラコラボ アクリルスタンド【有明ガーデンギャラリーのみ】,先行販売,FALSE,2680,,
493,エアシャカール,ビックカメラコラボ アクリルスタンド【有明ガーデンギャラリーのみ】,先行販売,FALSE,2680,,
494,トランセンド,ビックカメラコラボ アクリルスタンド【有明ガーデンギャラリーのみ】,先行販売,FALSE,2680,,
495,スティルインラブ,ビックカメラコラボ アクリルスタンド【有明ガーデンギャラリーのみ】,先行販売,FALSE,2680,,
496,アドマイヤグルーヴ,ビックカメラコラボ アクリルスタンド【有明ガーデンギャラリーのみ】,先行販売,FALSE,2680,,
497,アグネスデジタル,ビックカメラコラボ マフラータオル【有明ガーデンギャラリーのみ】,先行販売,FALSE,2480,,
498,エアシャカール,ビックカメラコラボ マフラータオル【有明ガーデンギャラリーのみ】,先行販売,FALSE,2480,,
499,トランセンド,ビックカメラコラボ マフラータオル【有明ガーデンギャラリーのみ】,先行販売,FALSE,2480,,
500,スティルインラブ,ビックカメラコラボ マフラータオル【有明ガーデンギャラリーのみ】,先行販売,FALSE,2480,,
501,アドマイヤグルーヴ,ビックカメラコラボ マフラータオル【有明ガーデンギャラリーのみ】,先行販売,FALSE,2480,,
502,アグネスデジタル,ビックカメラコラボ ミニキャラステッカー【有明ガーデンギャラリーのみ】,先行販売,FALSE,660,,
503,エアシャカール,ビックカメラコラボ ミニキャラステッカー【有明ガーデンギャラリーのみ】,先行販売,FALSE,660,,
504,トランセンド,ビックカメラコラボ ミニキャラステッカー【有明ガーデンギャラリーのみ】,先行販売,FALSE,660,,
505,スティルインラブ,ビックカメラコラボ ミニキャラステッカー【有明ガーデンギャラリーのみ】,先行販売,FALSE,660,,
506,アドマイヤグルーヴ,ビックカメラコラボ ミニキャラステッカー【有明ガーデンギャラリーのみ】,先行販売,FALSE,660,,
507,ファインモーション,ビックカメラコラボ ミニキャラステッカー【有明ガーデンギャラリーのみ】,先行販売,FALSE,660,,
508,アグネスタキオン,ビックカメラコラボ ミニキャラステッカー【有明ガーデンギャラリーのみ】,先行販売,FALSE,660,,
509,ブエナビスタ,ビックカメラコラボ ミニキャラステッカー【有明ガーデンギャラリーのみ】,先行販売,FALSE,660,,
510,レッドディザイア,ビックカメラコラボ ミニキャラステッカー【有明ガーデンギャラリーのみ】,先行販売,FALSE,660,,
511,ヴィクトワールピサ,ビックカメラコラボ ミニキャラステッカー【有明ガーデンギャラリーのみ】,先行販売,FALSE,660,,
512,アグネスデジタル,ビックカメラコラボ ランダムアクリルブロック【有明ガーデンギャラリーのみ】,先行販売,TRUE,990,10,1BOX10種入り: 9900円
513,エアシャカール,ビックカメラコラボ ランダムアクリルブロック【有明ガーデンギャラリーのみ】,先行販売,TRUE,990,10,1BOX10種入り: 9900円
514,トランセンド,ビックカメラコラボ ランダムアクリルブロック【有明ガーデンギャラリーのみ】,先行販売,TRUE,990,10,1BOX10種入り: 9900円
515,スティルインラブ,ビックカメラコラボ ランダムアクリルブロック【有明ガーデンギャラリーのみ】,先行販売,TRUE,990,10,1BOX10種入り: 9900円
516,アドマイヤグルーヴ,ビックカメラコラボ ランダムアクリルブロック【有明ガーデンギャラリーのみ】,先行販売,TRUE,990,10,1BOX10種入り: 9900円
517,ファインモーション,ビックカメラコラボ ランダムアクリルブロック【有明ガーデンギャラリーのみ】,先行販売,TRUE,990,10,1BOX10種入り: 9900円
518,アグネスタキオン,ビックカメラコラボ ランダムアクリルブロック【有明ガーデンギャラリーのみ】,先行販売,TRUE,990,10,1BOX10種入り: 9900円
519,ブエナビスタ,ビックカメラコラボ ランダムアクリルブロック【有明ガーデンギャラリーのみ】,先行販売,TRUE,990,10,1BOX10種入り: 9900円
520,レッドディザイア,ビックカメラコラボ ランダムアクリルブロック【有明ガーデンギャラリーのみ】,先行販売,TRUE,990,10,1BOX10種入り: 9900円
521,ヴィクトワールピサ,ビックカメラコラボ ランダムアクリルブロック【有明ガーデンギャラリーのみ】,先行販売,TRUE,990,10,1BOX10種入り: 9900円
522,アグネスデジタル,ビックカメラコラボ タペストリー【有明ガーデンギャラリーのみ】,先行販売,FALSE,3300,,
523,エアシャカール,ビックカメラコラボ タペストリー【有明ガーデンギャラリーのみ】,先行販売,FALSE,3300,,
524,トランセンド,ビックカメラコラボ タペストリー【有明ガーデンギャラリーのみ】,先行販売,FALSE,3300,,
525,スティルインラブ,ビックカメラコラボ タペストリー【有明ガーデンギャラリーのみ】,先行販売,FALSE,3300,,
526,アドマイヤグルーヴ,ビックカメラコラボ タペストリー【有明ガーデンギャラリーのみ】,先行販売,FALSE,3300,,
527,アグネスデジタル,ビックカメラコラボ クッションカバー【有明ガーデンギャラリーのみ】,先行販売,FALSE,1280,,
528,エアシャカール,ビックカメラコラボ クッションカバー【有明ガーデンギャラリーのみ】,先行販売,FALSE,1280,,
529,トランセンド,ビックカメラコラボ クッションカバー【有明ガーデンギャラリーのみ】,先行販売,FALSE,1280,,
530,スティルインラブ,ビックカメラコラボ クッションカバー【有明ガーデンギャラリーのみ】,先行販売,FALSE,1280,,
531,アドマイヤグルーヴ,ビックカメラコラボ クッションカバー【有明ガーデンギャラリーのみ】,先行販売,FALSE,1280,,
532,アグネスデジタル,ビックカメラコラボ ガラスマウスパッド【有明ガーデンギャラリーのみ】,先行販売,FALSE,3980,,
533,エアシャカール,ビックカメラコラボ ガラスマウスパッド【有明ガーデンギャラリーのみ】,先行販売,FALSE,3980,,
534,トランセンド,ビックカメラコラボ ガラスマウスパッド【有明ガーデンギャラリーのみ】,先行販売,FALSE,3980,,
535,スティルインラブ,ビックカメラコラボ ガラスマウスパッド【有明ガーデンギャラリーのみ】,先行販売,FALSE,3980,,
536,アドマイヤグルーヴ,ビックカメラコラボ ガラスマウスパッド【有明ガーデンギャラリーのみ】,先行販売,FALSE,3980,,
537,アグネスデジタル,ビックカメラコラボ ステンレスボトル【有明ガーデンギャラリーのみ】,先行販売,FALSE,3300,,
538,エアシャカール,ビックカメラコラボ ステンレスボトル【有明ガーデンギャラリーのみ】,先行販売,FALSE,3300,,
539,トランセンド,ビックカメラコラボ ステンレスボトル【有明ガーデンギャラリーのみ】,先行販売,FALSE,3300,,
540,スティルインラブ,ビックカメラコラボ ステンレスボトル【有明ガーデンギャラリーのみ】,先行販売,FALSE,3300,,
541,アドマイヤグルーヴ,ビックカメラコラボ ステンレスボトル【有明ガーデンギャラリーのみ】,先行販売,FALSE,3300,,
542,アグネスデジタル,★ビックカメラコラボ ゲーミングコントローラー【7/17予約開始】,告知のみ,FALSE,5980,,参考商品: 7th当日は予約不可。
543,エアシャカール,★ビックカメラコラボ ゲーミングコントローラー【7/17予約開始】,告知のみ,FALSE,5980,,参考商品: 7th当日は予約不可。
544,トランセンド,★ビックカメラコラボ ゲーミングコントローラー【7/17予約開始】,告知のみ,FALSE,5980,,参考商品: 7th当日は予約不可。
545,スティルインラブ,★ビックカメラコラボ ゲーミングコントローラー【7/17予約開始】,告知のみ,FALSE,5980,,参考商品: 7th当日は予約不可。
546,アドマイヤグルーヴ,★ビックカメラコラボ ゲーミングコントローラー【7/17予約開始】,告知のみ,FALSE,5980,,参考商品: 7th当日は予約不可。
547,アグネスデジタル,★ビックカメラコラボ ランダムラバーフィギュア【7/17予約開始】,告知のみ,TRUE,1980,10,参考商品: 7th当日は予約不可。
548,エアシャカール,★ビックカメラコラボ ランダムラバーフィギュア【7/17予約開始】,告知のみ,TRUE,1980,10,参考商品: 7th当日は予約不可。
549,トランセンド,★ビックカメラコラボ ランダムラバーフィギュア【7/17予約開始】,告知のみ,TRUE,1980,10,参考商品: 7th当日は予約不可。
550,スティルインラブ,★ビックカメラコラボ ランダムラバーフィギュア【7/17予約開始】,告知のみ,TRUE,1980,10,参考商品: 7th当日は予約不可。
551,アドマイヤグルーヴ,★ビックカメラコラボ ランダムラバーフィギュア【7/17予約開始】,告知のみ,TRUE,1980,10,参考商品: 7th当日は予約不可。
552,ファインモーション,★ビックカメラコラボ ランダムラバーフィギュア【7/17予約開始】,告知のみ,TRUE,1980,10,参考商品: 7th当日は予約不可。
553,アグネスタキオン,★ビックカメラコラボ ランダムラバーフィギュア【7/17予約開始】,告知のみ,TRUE,1980,10,参考商品: 7th当日は予約不可。
554,ブエナビスタ,★ビックカメラコラボ ランダムラバーフィギュア【7/17予約開始】,告知のみ,TRUE,1980,10,参考商品: 7th当日は予約不可。
555,レッドディザイア,★ビックカメラコラボ ランダムラバーフィギュア【7/17予約開始】,告知のみ,TRUE,1980,10,参考商品: 7th当日は予約不可。
556,ヴィクトワールピサ,★ビックカメラコラボ ランダムラバーフィギュア【7/17予約開始】,告知のみ,TRUE,1980,10,参考商品: 7th当日は予約不可。
557,アグネスデジタル,★ビックカメラコラボ ランダムラバーフィギュア【7/17予約開始】,告知のみ,TRUE,1980,10,参考商品: 7th当日は予約不可。